Variable Code,Construct / Section,Question Text
V1,Policy and Regulatory Alignment,Current market regulations in emerging economies support banks' adoption of green finance practices.
V2,Policy and Regulatory Alignment,Regulatory requirements related to stock exchange listing and disclosure support the development of sustainable financial instruments.
V3,Policy and Regulatory Alignment,Government policies encourage banks to allocate capital to environmentally sustainable projects.
V4,Policy and Regulatory Alignment,The regulatory environment in emerging economies provides favourable conditions for banks to adopt green finance.
V5,Policy and Regulatory Alignment,Environmental reporting requirements have strengthened banks' green finance initiatives.
V6,Policy and Regulatory Alignment,Existing regulations provide adequate oversight for the issuance of green bonds and green loans.
V7,Policy and Regulatory Alignment,Regulatory frameworks effectively align banking activities with environmental sustainability objectives.
V8,Market Mechanisms,Stock exchanges facilitate access to green financial instruments for banks and investors.
V9,Market Mechanisms,Financial technologies such as blockchain and tokenized securities improve access to green finance.
V10,Market Mechanisms,Financial mechanisms and market incentives motivate banks to adopt green finance practices.
V11,Market Mechanisms,Carbon markets effectively encourage banks to invest in environmentally sustainable projects.
V12,Market Mechanisms,"Integration between renewable energy markets, carbon markets, and green bond markets supports banks' adoption of green finance."
V13,Market Mechanisms,Advanced financial technologies enhance the transparency and accessibility of green finance.
V14,Market Mechanisms,Sustainability-linked financial products listed on stock exchanges accelerate banks' adoption of green finance.
V15,Market Awareness,Awareness initiatives conducted by stock exchanges increase banks' willingness to adopt green finance.
V16,Market Awareness,Greater awareness among banking professionals improves the implementation of green financial products.
V17,Market Awareness,Investor awareness of green finance encourages banks to adopt sustainable financial practices.
V18,Market Awareness,Stock exchanges play an important role in educating market participants about green finance.
V19,Market Awareness,Awareness of international green finance best practices encourages banks in emerging markets to align with sustainability objectives.
V20,Market Awareness,Awareness of climate-related financial risks encourages banks to adopt green finance practices.
V21,Market Awareness,Greater environmental awareness among regulators creates a more supportive environment for green finance.
V22,Market Incentives,"Financial incentives, such as tax benefits, encourage banks to invest in green finance."
V23,Market Incentives,Government and stock exchange incentives support the development of green financial instruments.
V24,Market Incentives,Green finance incentives reduce the costs associated with adopting environmentally sustainable banking practices.
V25,Market Incentives,"Non-financial incentives, such as public recognition and awards, encourage banks to engage in green finance."
V26,Market Incentives,Incentive schemes offered through stock exchanges encourage banks to participate in green finance.
V27,Market Incentives,Incentives for issuing green bonds increase their attractiveness to banks and investors.
V28,Market Incentives,The availability of green finance incentives encourages competition among banks to adopt sustainable practices.
V29,Green Finance Adoption (DV),Banks in emerging markets have increasingly adopted green finance practices.
V30,Green Finance Adoption (DV),Stock exchange initiatives have contributed to banks' adoption of green finance practices.
