metric,target,value
construct_mean,PRA,3.5312066574202485
construct_mean,MM,3.79750346740638
construct_mean,MA,3.707350901525658
construct_mean,MI,3.7059639389736474
construct_mean,GFA,4.029126213592233
construct_sd,PRA,0.6298616360467492
construct_sd,MM,0.6988598362806168
construct_sd,MA,0.5972387579220436
construct_sd,MI,0.6539886677599253
construct_sd,GFA,0.7977457293021608
cronbach_alpha,PRA,0.9082008043140481
cronbach_alpha,MM,0.8372430013098514
cronbach_alpha,MA,0.8557868252516011
cronbach_alpha,MI,0.9345075348127425
cronbach_alpha,GFA,0.8465450194436137
cronbach_alpha,all_30_items,0.8194094973503038
pearson_r,PRA,-0.019944465711564413
pearson_p,PRA,0.8415089017137712
spearman_rho,PRA,-0.0168558037869091
spearman_p,PRA,0.8658029595573434
pearson_r,MM,0.15890018891533828
pearson_p,MM,0.1088942369961097
spearman_rho,MM,0.17485320428528717
spearman_p,MM,0.07730447623286037
pearson_r,MA,0.028354367470182898
pearson_p,MA,0.7761723528598408
spearman_rho,MA,0.024171158214492693
spearman_p,MA,0.8085073927901747
pearson_r,MI,-0.13644151677006666
pearson_p,MI,0.1693588819521922
spearman_rho,MI,-0.132981793428128
spearman_p,MI,0.18053728497552693
ols_b,const,3.648130637688734
ols_b,PRA,0.021764087733404963
ols_b,MM,0.1634884141647418
ols_b,MA,0.10384040754282084
ols_b,MI,-0.18933766635024324
ols_p,const,2.640306451151775e-05
ols_p,PRA,0.865000113073235
ols_p,MM,0.15447658742432038
ols_p,MA,0.46702657427912875
ols_p,MI,0.15440743897276193
ols_standardized_beta,PRA,0.017183876269471248
ols_standardized_beta,MM,0.14322293703395406
ols_standardized_beta,MA,0.07774095647900718
ols_standardized_beta,MI,-0.15521824012957885
model_r_squared,full,0.045797936281806395
model_adjusted_r_squared,full,0.0068509132729004385
model_f_p,full,0.3261904984093686
vif,PRA,1.0437223094055068
vif,MM,1.023102701116386
vif,MA,1.164218288315587
vif,MI,1.2012471364309334
chi_square_rounded,PRA,6.00482842610502
chi_square_rounded_p,PRA,0.42264941416390106
chi_square_rounded_min_expected,PRA,0.2912621359223301
chi_square_rounded,MM,5.591984286246614
chi_square_rounded_p,MM,0.47040960469118465
chi_square_rounded_min_expected,MM,0.6990291262135923
chi_square_rounded,MA,11.128788392887252
chi_square_rounded_p,MA,0.2669843854373183
chi_square_rounded_min_expected,MA,0.05825242718446602
chi_square_rounded,MI,6.042502989061186
chi_square_rounded_p,MI,0.7356569849718824
chi_square_rounded_min_expected,MI,0.08737864077669903
